"cost_std_mean","qaly_std_mean","ly_std_mean","cost_int_mean","qaly_int_mean","ly_int_mean","dC_mean","dC_lo","dC_hi","dQ_mean","dQ_lo","dQ_hi","dLY_mean","ICER_ratio_of_means","ICER_mean_of_ratios","p_ce"
13013.3477634841,2.83342009972157,1.24099225957304,12585.0523205431,3.09671599164686,1.2712573664701,-428.295442941055,-2156.20268762734,1357.99614853853,0.263295891925291,-0.328424236311326,0.829953923909719,0.0302651068970578,-1626.66967497762,4000.22131740168,0.797
